[{"family":"MaterialIcons","fonts":[{"asset":"fonts/MaterialIcons-Regular.otf"}]},{"family":"AtkinsonHyperlegibleNext","fonts":[{"asset":"assets/fonts/AtkinsonHyperlegibleNext/AtkinsonHyperlegibleNext-Regular.otf"},{"style":"italic","asset":"assets/fonts/AtkinsonHyperlegibleNext/AtkinsonHyperlegibleNext-RegularItalic.otf"},{"weight":700,"asset":"assets/fonts/AtkinsonHyperlegibleNext/AtkinsonHyperlegibleNext-Bold.otf"},{"weight":700,"style":"italic","asset":"assets/fonts/AtkinsonHyperlegibleNext/AtkinsonHyperlegibleNext-BoldItalic.otf"},{"weight":200,"asset":"assets/fonts/AtkinsonHyperlegibleNext/AtkinsonHyperlegibleNext-ExtraLight.otf"},{"weight":200,"style":"italic","asset":"assets/fonts/AtkinsonHyperlegibleNext/AtkinsonHyperlegibleNext-ExtraLightItalic.otf"},{"weight":300,"asset":"assets/fonts/AtkinsonHyperlegibleNext/AtkinsonHyperlegibleNext-Light.otf"},{"weight":300,"style":"italic","asset":"assets/fonts/AtkinsonHyperlegibleNext/AtkinsonHyperlegibleNext-LightItalic.otf"},{"weight":500,"asset":"assets/fonts/AtkinsonHyperlegibleNext/AtkinsonHyperlegibleNext-Medium.otf"},{"weight":500,"style":"italic","asset":"assets/fonts/AtkinsonHyperlegibleNext/AtkinsonHyperlegibleNext-MediumItalic.otf"},{"weight":600,"asset":"assets/fonts/AtkinsonHyperlegibleNext/AtkinsonHyperlegibleNext-SemiBold.otf"},{"weight":600,"style":"italic","asset":"assets/fonts/AtkinsonHyperlegibleNext/AtkinsonHyperlegibleNext-SemiBoldItalic.otf"},{"weight":800,"asset":"assets/fonts/AtkinsonHyperlegibleNext/AtkinsonHyperlegibleNext-ExtraBold.otf"},{"weight":800,"style":"italic","asset":"assets/fonts/AtkinsonHyperlegibleNext/AtkinsonHyperlegibleNext-ExtraBoldItalic.otf"}]},{"family":"Vollkorn","fonts":[{"asset":"assets/fonts/VollkornPS/Vollkorn-Regular.otf"},{"style":"italic","asset":"assets/fonts/VollkornPS/Vollkorn-Italic.otf"},{"weight":700,"asset":"assets/fonts/VollkornPS/Vollkorn-Bold.otf"},{"weight":700,"style":"italic","asset":"assets/fonts/VollkornPS/Vollkorn-BoldItalic.otf"},{"asset":"assets/fonts/VollkornPS/Vollkorn-Medium.otf"},{"weight":500,"style":"italic","asset":"assets/fonts/VollkornPS/Vollkorn-MediumItalic.otf"},{"weight":600,"asset":"assets/fonts/VollkornPS/Vollkorn-SemiBold.otf"},{"weight":600,"style":"italic","asset":"assets/fonts/VollkornPS/Vollkorn-SemiBoldItalic.otf"},{"weight":900,"asset":"assets/fonts/VollkornPS/Vollkorn-Black.otf"},{"weight":900,"style":"italic","asset":"assets/fonts/VollkornPS/Vollkorn-BlackItalic.otf"}]},{"family":"LinBiolinum","fonts":[{"asset":"assets/fonts/linux-biolinum/LinBiolinum_R.otf"},{"style":"italic","asset":"assets/fonts/linux-biolinum/LinBiolinum_RI.otf"},{"weight":700,"asset":"assets/fonts/linux-biolinum/LinBiolinum_RB.otf"}]},{"family":"Literata","fonts":[{"asset":"assets/fonts/literata/Literata-Regular.ttf"},{"style":"italic","asset":"assets/fonts/literata/Literata-Italic.ttf"},{"weight":500,"asset":"assets/fonts/literata/Literata-Medium.ttf"},{"weight":500,"style":"italic","asset":"assets/fonts/literata/Literata-MediumItalic.ttf"},{"weight":600,"asset":"assets/fonts/literata/Literata-SemiBold.ttf"},{"weight":600,"style":"italic","asset":"assets/fonts/literata/Literata-SemiBoldItalic.ttf"},{"weight":700,"asset":"assets/fonts/literata/Literata-Bold.ttf"},{"weight":700,"style":"italic","asset":"assets/fonts/literata/Literata-BoldItalic.ttf"}]},{"family":"packages/cupertino_icons/CupertinoIcons","fonts":[{"asset":"packages/cupertino_icons/assets/CupertinoIcons.ttf"}]}]